{
  "version": 1,
  "author": "David Yachabach",
  "editor": "wokwi",
  "parts": [
    { "type": "wokwi-arduino-uno", "id": "uno", "top": -28.2, "left": 287.4, "attrs": {} },
    {
      "type": "wokwi-pushbutton",
      "id": "btn1",
      "top": 54.2,
      "left": 144,
      "attrs": { "color": "green" }
    },
    {
      "type": "wokwi-pushbutton",
      "id": "btn2",
      "top": -13,
      "left": 144,
      "attrs": { "color": "white", "bounce": "0" }
    },
    {
      "type": "wokwi-led",
      "id": "led1",
      "top": 111.6,
      "left": 157.4,
      "attrs": { "color": "red" }
    },
    {
      "type": "wokwi-resistor",
      "id": "r1",
      "top": 215.15,
      "left": 192,
      "attrs": { "value": "300" }
    }
  ],
  "connections": [
    [ "btn1:1.r", "uno:2", "green", [ "h19.4", "v-134.4", "h284" ] ],
    [ "uno:GND.1", "btn1:2.r", "black", [ "v-37.8", "h-163.2", "v124.6" ] ],
    [ "uno:3", "btn2:1.r", "blue", [ "v-67.2", "h-293.6", "v86.4" ] ],
    [ "uno:5V", "btn2:2.r", "red", [ "v28.7", "h-188.2", "v-173" ] ],
    [ "led1:A", "uno:4", "green", [ "h96", "v-192", "h226.5" ] ],
    [ "led1:C", "r1:1", "green", [ "v0" ] ],
    [ "r1:2", "uno:GND.3", "green", [ "h219.6", "v-57.5" ] ]
  ],
  "dependencies": {}
}